City_ID,City,Cloudiness,Country,Date,Humidity,Lat,Lng,Max Temp,Wind Speed
0,fortuna,1,US,1574293974,62,40.6,-124.16,59.0,17.22
1,rikitea,57,PF,1574293974,82,-23.12,-134.97,77.25,8.03
2,klyuchi,88,RU,1574293974,90,52.25,79.17,-9.69,6.51
3,dzhebariki-khaya,4,RU,1574293974,92,62.22,135.8,-30.01,1.86
4,warmbad,99,DE,1574293974,100,50.67,13.08,42.01,2.24
5,codrington,75,AU,1574293974,48,-28.95,153.24,84.99,6.93
6,ponta do sol,97,BR,1574293974,88,-20.63,-46.0,68.67,4.18
7,sao filipe,71,CV,1574293974,74,14.9,-24.5,74.12,11.95
8,punta arenas,20,CL,1574293941,46,-53.16,-70.91,50.0,20.8
9,qaanaaq,100,GL,1574293974,76,77.48,-69.36,4.37,9.62
10,guerrero negro,55,MX,1574293975,59,27.97,-114.04,68.61,13.51
11,krasnokholmskiy,0,RU,1574293975,80,55.99,55.05,8.13,5.19
12,ushuaia,75,AR,1574293920,70,-54.81,-68.31,46.4,21.92
13,conde,43,BR,1574293975,76,-11.81,-37.61,79.48,15.9
14,bredasdorp,0,ZA,1574293975,76,-34.53,20.04,55.4,4.7
15,bluff,59,AU,1574293975,45,-23.58,149.07,82.87,8.97
16,vestmannaeyjar,45,IS,1574293975,78,63.44,-20.27,43.5,15.48
17,busselton,81,AU,1574293975,48,-33.64,115.35,62.01,7.9
18,araouane,56,ML,1574293975,8,18.9,-3.53,70.99,5.57
19,avarua,1,CK,1574293975,69,-21.21,-159.78,80.6,10.29
20,yellowknife,90,CA,1574293976,84,62.45,-114.38,8.6,19.46
21,mar del plata,46,AR,1574293753,26,-46.43,-67.52,62.82,25.64
22,puerto ayora,10,EC,1574293873,64,-0.74,-90.35,75.2,17.22
23,escarcega,52,MX,1574293976,57,18.61,-90.75,72.39,2.91
24,kawalu,91,ID,1574293976,80,-7.38,108.21,72.07,2.53
25,gornopravdinsk,100,RU,1574293976,91,60.06,69.92,3.76,9.53
26,severo-kurilsk,100,RU,1574293976,82,50.68,156.12,32.95,8.41
27,kaitangata,100,NZ,1574293976,68,-46.28,169.85,53.67,13.67
28,sarkand,100,KZ,1574293976,95,45.41,79.91,11.21,2.39
29,vaini,5,IN,1574293976,92,15.34,74.49,67.77,9.73
30,sayyan,20,YE,1574293976,78,15.17,44.32,54.43,4.12
31,hermanus,0,ZA,1574293976,95,-34.42,19.24,55.99,1.01
32,butaritari,69,KI,1574293977,77,3.07,172.79,83.79,9.1
33,kalachinsk,27,RU,1574293977,95,55.05,74.58,-9.99,7.4
34,la ronge,75,CA,1574293977,84,55.1,-105.3,5.0,2.24
35,mahibadhoo,100,MV,1574293977,75,3.78,72.97,81.68,7.49
36,mpika,64,ZM,1574293977,62,-11.84,31.4,69.71,1.57
37,avera,1,US,1574293977,81,33.19,-82.53,53.6,4.16
38,ulladulla,42,AU,1574293977,28,-35.36,150.48,84.99,6.93
39,yerbogachen,100,RU,1574293977,96,61.28,108.01,-11.16,3.87
40,carnarvon,0,ZA,1574293977,48,-30.97,22.13,57.61,10.36
41,airai,85,TL,1574293977,28,-8.93,125.41,81.5,5.1
42,kaeo,0,NZ,1574293977,62,-35.1,173.78,73.99,1.99
43,hobart,91,AU,1574293822,14,-42.88,147.33,95.0,6.93
44,itoman,75,JP,1574293978,88,26.12,127.67,69.8,14.99
45,kapaa,40,US,1574293813,74,22.08,-159.32,84.2,16.11
46,wajid,39,SO,1574293978,78,3.81,43.25,75.54,9.53
47,lavrentiya,0,RU,1574293978,73,65.58,-170.99,22.5,24.56
48,lae,84,PG,1574293770,66,-6.72,146.98,77.14,5.32
49,mataura,100,NZ,1574293978,72,-46.19,168.86,57.0,17.0
50,honiara,75,SB,1574293978,74,-9.43,159.96,86.0,4.56
51,bilibino,78,RU,1574293978,63,68.06,166.44,-10.17,0.54
52,cape town,0,ZA,1574293732,72,-33.93,18.42,62.01,14.99
53,tabou,26,CI,1574293978,89,4.42,-7.36,76.01,1.19
54,palanga,100,RO,1574293979,85,44.45,25.08,54.12,14.47
55,new norfolk,83,AU,1574293979,14,-42.78,147.06,95.0,6.93
56,ribeira grande,100,PT,1574293979,95,38.52,-28.7,65.39,15.77
57,east london,48,ZA,1574293979,77,-33.02,27.91,62.44,5.55
58,georgetown,20,GY,1574293979,83,6.8,-58.16,82.4,6.93
59,sosua,75,DO,1574293979,94,19.77,-70.52,80.01,12.91
60,talnakh,75,RU,1574293979,91,69.49,88.39,3.2,8.95
61,albany,90,US,1574293979,80,42.65,-73.75,36.0,5.82
62,matehuala,99,MX,1574293979,53,23.65,-100.64,70.09,3.04
63,marawi,18,PH,1574293979,83,8.0,124.29,78.01,4.0
64,bethel,75,US,1574293759,85,60.79,-161.76,26.6,5.82
65,oistins,20,BB,1574293979,78,13.07,-59.53,80.6,10.29
66,geraldton,90,CA,1574293979,98,49.72,-86.95,33.8,3.36
67,cherskiy,96,RU,1574293980,95,68.75,161.3,-19.71,2.71
68,iberia,100,PE,1574293980,69,-11.41,-69.49,79.39,2.57
69,muros,75,ES,1574293980,100,42.77,-9.06,54.0,8.05
70,vila franca do campo,40,PT,1574293980,88,37.72,-25.43,62.6,5.82
71,castro,4,CL,1574293980,54,-42.48,-73.76,55.4,10.29
72,dikson,41,RU,1574293980,91,73.51,80.55,4.23,6.31
73,baijiantan,100,CN,1574293980,93,45.63,85.18,31.08,1.68
74,tuktoyaktuk,90,CA,1574293980,84,69.44,-133.03,8.6,9.17
75,norman wells,40,CA,1574293980,77,65.28,-126.83,6.8,5.82
76,caravelas,79,BR,1574293894,83,-17.73,-39.27,74.8,3.04
77,bintulu,90,MY,1574293980,100,3.17,113.03,75.2,3.36
78,nikolskoye,90,RU,1574293980,94,59.7,30.79,39.2,4.47
79,cedar city,90,US,1574293980,93,37.68,-113.06,42.8,16.11
80,beli potok,31,RS,1574293981,66,44.71,20.52,53.6,12.75
81,atuona,18,PF,1574293981,74,-9.8,-139.03,79.83,17.78
82,jamestown,87,AU,1574293981,62,-33.21,138.6,64.9,17.16
83,tasiilaq,100,GL,1574293981,69,65.61,-37.64,33.8,23.04
84,lukovetskiy,90,RU,1574293981,97,64.29,41.92,35.6,8.95
85,haines junction,100,CA,1574293981,98,60.75,-137.51,31.73,11.1
86,arraial do cabo,100,BR,1574293981,87,-22.97,-42.02,72.97,17.87
87,erenhot,0,CN,1574293981,40,43.65,111.97,30.81,16.08
88,veraval,90,FR,1574293981,100,49.65,0.71,37.4,9.17
89,torbay,90,CA,1574293982,93,47.66,-52.73,37.99,18.34
90,sitka,100,US,1574293982,87,37.17,-99.65,59.0,18.01
91,longyearbyen,75,NO,1574293982,85,78.22,15.63,17.6,3.36
92,bundaberg,40,AU,1574293982,51,-24.87,152.35,82.99,12.75
93,coihaique,90,CL,1574293982,70,-45.58,-72.07,48.2,4.7
94,lorengau,91,PG,1574293982,74,-2.02,147.27,84.51,16.2
95,aklavik,40,CA,1574293982,83,68.22,-135.01,-0.4,3.36
96,college,75,US,1574293982,92,64.86,-147.8,8.6,3.78
97,cagdianao,34,PH,1574293982,77,9.92,125.67,81.84,2.77
98,tres arroyos,0,AR,1574293982,70,-38.38,-60.28,51.94,9.86
99,shubarshi,0,KZ,1574293983,60,48.59,57.19,5.31,14.58
100,basco,1,US,1574293983,71,40.33,-91.2,55.0,13.87
101,lagoa,40,PT,1574293983,93,37.14,-8.45,59.0,8.05
102,haljala,100,EE,1574293983,85,59.43,26.27,40.12,10.13
103,charters towers,21,AU,1574293983,31,-20.07,146.27,87.35,10.25
104,ondangwa,33,NA,1574293983,19,-17.91,15.98,77.04,13.49
105,ixtapa,90,MX,1574293983,69,20.71,-105.21,82.99,6.93
106,faanui,10,PF,1574293983,74,-16.48,-151.75,81.18,5.08
107,entebbe,75,UG,1574293983,94,0.06,32.45,68.0,5.82
108,teya,20,MX,1574293983,69,21.05,-89.07,78.8,6.93
109,vysokogornyy,100,RU,1574293983,92,50.1,139.13,-0.22,3.2
110,dudinka,75,RU,1574293984,91,69.41,86.18,3.2,8.95
111,hambantota,1,LK,1574293984,83,6.12,81.12,79.72,15.79
112,kenora,100,CA,1574293984,92,49.76,-94.48,28.4,9.17
113,yako,0,BF,1574293984,18,12.96,-2.26,79.99,10.36
114,upernavik,100,GL,1574293984,91,72.79,-56.15,17.46,5.14
115,scottsbluff,90,US,1574293984,64,41.87,-103.67,39.2,19.46
116,dukat,0,AL,1574293984,85,40.25,19.57,55.99,7.65
117,tromso,75,NO,1574293984,56,69.65,18.96,42.8,42.5
118,ambilobe,5,MG,1574293984,79,-13.19,49.05,77.41,7.85
119,san patricio,10,PY,1574293984,54,-26.98,-56.83,81.9,5.06
120,port alfred,20,ZA,1574293984,87,-33.59,26.89,60.01,3.0
121,victoria,75,BN,1574293984,88,5.28,115.24,77.0,8.52
122,pochutla,75,MX,1574293984,69,15.74,-96.47,86.0,4.81
123,vostok,100,RU,1574293985,91,46.45,135.83,3.15,4.36
124,port hardy,75,CA,1574293985,81,50.7,-127.42,46.4,0.76
125,narsaq,0,GL,1574293985,62,60.91,-46.05,24.8,3.36
126,bayan,15,CN,1574293985,26,36.1,102.26,24.24,3.83
127,zhezkazgan,0,KZ,1574293985,87,47.8,67.71,-4.59,14.12
128,kirakira,97,SB,1574293985,85,-10.46,161.92,79.39,8.57
129,saint-philippe,90,CA,1574293985,98,45.36,-73.48,34.0,4.7
130,roma,20,IT,1574293688,93,41.89,12.48,55.4,3.36
131,kosum phisai,21,TH,1574293985,93,16.25,103.07,66.2,3.36
132,sfantu gheorghe,90,RO,1574293985,100,44.65,26.83,53.01,18.34
133,abbeville,90,FR,1574293985,93,50.11,1.83,36.0,12.75
134,sale,88,AU,1574293985,21,-38.11,147.06,100.99,7.0
135,bandarbeyla,100,SO,1574293986,83,9.49,50.81,80.69,8.23
136,ouadda,64,CF,1574293986,26,8.07,22.4,68.79,4.47
137,fort nelson,75,CA,1574293986,85,58.81,-122.69,15.8,1.07
138,miramar,90,CR,1574293986,100,10.09,-84.73,72.0,8.05
139,kudahuvadhoo,43,MV,1574293986,79,2.67,72.89,81.91,12.57
140,talpa,14,MX,1574293986,53,28.83,-111.63,75.0,8.99
141,katsuura,40,JP,1574293986,75,33.93,134.5,46.4,5.82
142,boddam,90,GB,1574293986,81,57.47,-1.78,46.4,19.46
143,touros,20,BR,1574293986,78,-5.2,-35.46,77.0,8.05
144,grindavik,75,IS,1574293986,86,63.84,-22.43,41.0,11.41
145,ilulissat,100,GL,1574293986,79,69.22,-51.1,24.8,4.7
146,kavieng,100,PG,1574293986,75,-2.57,150.8,83.77,11.74
147,goroka,100,PG,1574293986,75,-6.07,145.39,68.5,3.02
148,cabo san lucas,5,MX,1574293822,64,22.89,-109.91,79.0,14.99
149,kerman,40,IR,1574293987,81,30.29,57.06,42.8,4.7
150,woodward,1,US,1574293987,87,36.43,-99.39,60.8,13.87
151,sambava,2,MG,1574293987,90,-14.27,50.17,72.14,2.13
152,karpogory,100,RU,1574293987,93,64.0,44.44,27.0,7.83
153,kodiak,75,US,1574293987,48,39.95,-94.76,64.4,19.46
154,bartica,20,GY,1574293987,88,6.41,-58.62,80.6,4.7
155,amahai,39,ID,1574293987,72,-3.31,129.0,81.03,1.99
156,vila velha,20,BR,1574293987,74,-3.71,-38.6,80.6,11.41
157,saskylakh,100,RU,1574293987,97,71.97,114.09,-6.83,5.03
158,alice springs,15,AU,1574293700,16,-23.7,133.88,87.8,19.46
159,bagdarin,59,RU,1574293987,92,54.44,113.59,-8.03,0.25
160,aksu,90,KZ,1574293988,75,52.04,76.93,-13.0,4.47
161,bela,31,PK,1574293988,68,26.23,66.31,70.52,0.85
162,gizo,1,IL,1574293988,28,31.8,34.94,61.0,1.12
163,micheweni,100,TZ,1574293988,82,-4.97,39.83,81.23,5.82
164,bowen,40,AU,1574293988,54,-20.01,148.25,86.0,9.17
165,caluquembe,66,AO,1574293988,57,-13.78,14.68,59.45,5.21
166,atambua,98,ID,1574293988,53,-9.11,124.89,84.29,3.18
167,oriximina,100,BR,1574293988,79,-1.77,-55.87,80.56,3.58
168,chuy,0,UY,1574293989,91,-33.69,-53.46,69.3,6.96
169,hami,0,CN,1574293989,36,42.84,93.51,25.18,1.07
170,saint-pierre,0,FR,1574293989,95,48.95,4.24,33.8,8.05
171,toora-khem,100,RU,1574293989,86,52.47,96.11,-1.44,8.03
172,poum,0,MK,1574293989,86,41.28,20.71,40.62,2.62
173,barrow,0,AR,1574293989,73,-38.31,-60.23,51.19,9.28
174,raudeberg,100,NO,1574293989,48,61.99,5.14,44.6,12.75
175,suluq,100,LY,1574293989,32,31.67,20.25,67.48,10.0
176,tezu,16,IN,1574293989,65,27.93,96.16,59.92,2.33
177,pskov,84,RU,1574293989,83,57.82,28.33,39.2,8.95
178,at-bashi,76,KG,1574293989,79,41.17,75.81,13.35,1.86
179,horsham,54,AU,1574293990,8,-36.71,142.2,100.87,30.15
180,tazovskiy,100,RU,1574293990,95,67.47,78.7,9.34,3.71
181,marzuq,1,YE,1574293990,76,14.4,46.47,66.45,3.53
182,komsomolskiy,100,RU,1574293990,95,67.55,63.78,11.8,10.4
183,ovre ardal,96,NO,1574293990,89,61.32,7.8,17.1,6.29
184,kasongo,20,CD,1574293990,93,-4.43,26.67,70.43,2.1
185,lebu,40,ET,1574293990,82,8.96,38.73,57.2,6.93
186,batagay-alyta,94,RU,1574293990,100,67.8,130.41,-20.43,0.25
187,pevek,17,RU,1574293990,98,69.7,170.27,-5.98,2.39
188,mayo,90,CA,1574293990,100,63.59,-135.9,26.6,3.36
189,hilo,40,US,1574293990,65,19.71,-155.08,82.4,4.7
190,mankera,14,NG,1574293991,19,13.01,5.07,83.59,6.22
191,yarovoye,79,RU,1574293991,96,52.92,78.56,-13.68,7.02
192,boa vista,75,BR,1574293991,62,2.82,-60.67,86.0,9.17
193,ostrovnoy,95,RU,1574293991,96,68.05,39.51,34.45,21.3
194,anadyr,20,RU,1574293991,77,64.73,177.51,1.4,13.42
195,sinnamary,68,GF,1574293991,81,5.38,-52.96,82.04,13.06
196,sorland,75,NO,1574293991,81,67.67,12.69,44.6,21.92
197,mgandu,78,TZ,1574293991,75,-5.96,34.11,66.4,5.5
198,taoudenni,0,ML,1574293991,24,22.68,-3.98,62.6,4.72
199,mandalgovi,46,MN,1574293992,56,45.76,106.27,22.39,13.67
200,lucapa,100,AO,1574293992,94,-8.42,20.74,67.55,2.53
201,loikaw,0,MM,1574293992,89,19.67,97.21,56.79,0.76
202,rabo de peixe,40,PT,1574293992,88,37.8,-25.58,62.6,5.82
203,salalah,40,OM,1574293992,78,17.01,54.1,78.8,3.36
204,grand gaube,20,MU,1574293992,88,-20.01,57.66,75.2,3.36
205,vulcan,0,CA,1574293992,90,50.4,-113.26,21.0,6.91
206,ancud,34,CL,1574293992,54,-41.87,-73.83,55.4,10.29
207,saraland,1,US,1574293946,71,30.82,-88.07,57.99,2.59
208,nara,20,JP,1574293992,76,34.68,135.8,52.0,10.29
209,kiama,0,AU,1574293992,28,-34.67,150.86,82.4,6.93
210,savannah bight,12,HN,1574293992,64,16.45,-85.85,80.62,8.57
211,roald,94,NO,1574293993,64,62.58,6.12,37.4,13.87
212,pitimbu,20,BR,1574293993,78,-7.47,-34.81,77.0,10.29
213,antofagasta,90,CL,1574293993,77,-23.65,-70.4,66.2,11.41
214,mujiayingzi,45,CN,1574293993,36,42.12,118.78,29.23,4.41
215,kruisfontein,17,ZA,1574293993,88,-34.0,24.73,50.99,3.47
216,lagunillas,98,VE,1574293993,85,8.5,-71.39,64.78,2.82
217,port elizabeth,75,US,1574293993,64,39.31,-74.98,48.99,8.05
218,pocone,99,BR,1574293993,50,-16.26,-56.62,85.28,2.19
219,kurikka,90,FI,1574293993,100,62.62,22.4,41.0,3.36
220,havre-saint-pierre,90,CA,1574293993,81,50.23,-63.6,32.0,9.17
221,rio gallegos,40,AR,1574293896,30,-51.62,-69.22,55.4,21.92
222,lakselv,51,NO,1574293994,88,70.05,24.96,33.8,11.41
223,rawson,28,AR,1574293994,45,-43.3,-65.11,60.6,21.81
224,vung tau,91,VN,1574293962,85,10.35,107.08,74.68,4.29
225,denpasar,20,ID,1574293994,83,-8.65,115.22,80.6,6.93
226,warrnambool,67,AU,1574293994,23,-38.38,142.48,88.0,11.01
227,vilhena,100,BR,1574293994,98,-12.74,-60.15,67.44,5.59
228,buraydah,0,SA,1574293994,65,26.33,43.97,46.4,2.24
229,clyde river,5,CA,1574293994,70,70.47,-68.59,-4.0,6.93
230,constitucion,90,MX,1574293994,43,23.99,-104.67,69.8,12.75
231,belaya gora,85,RU,1574293994,99,68.54,146.19,-17.03,2.55
232,port lincoln,80,AU,1574293994,52,-34.72,135.86,66.61,15.84
233,karratha,0,AU,1574293994,60,-20.74,116.85,82.6,2.86
234,rock springs,90,US,1574293995,85,41.59,-109.2,24.8,29.97
235,alta floresta,85,BR,1574293995,96,-9.87,-56.08,72.12,4.45
236,kananga,87,CD,1574293995,95,-5.9,22.41,70.32,1.86
237,malanje,100,AO,1574293995,98,-9.54,16.35,63.68,3.2
238,reykjavik,75,IS,1574293995,86,64.15,-21.94,41.0,11.41
239,makakilo city,90,US,1574293955,69,21.35,-158.09,87.01,10.29
240,lompoc,75,US,1574293782,82,34.64,-120.46,62.6,10.29
241,usinsk,99,RU,1574293995,95,66.0,57.56,10.92,14.54
242,vanersborg,100,SE,1574293995,87,58.38,12.32,46.0,9.17
243,greifswald,57,DE,1574293995,91,54.1,13.38,43.0,6.44
244,aljezur,66,PT,1574293995,93,37.31,-8.8,57.99,1.99
245,rodrigues alves,40,BR,1574293995,88,-7.74,-72.65,80.6,3.36
246,flinders,0,AU,1574293996,28,-34.58,150.85,82.99,6.93
247,leningradskiy,100,RU,1574293996,93,69.38,178.42,12.49,14.07
248,henties bay,1,NA,1574293996,85,-22.12,14.28,61.0,1.01
249,gewane,11,ET,1574293996,64,10.16,40.66,78.6,3.36
250,saldanha,76,PT,1574293996,95,41.42,-6.55,40.62,6.71
251,pangnirtung,40,CA,1574293996,85,66.15,-65.72,10.4,2.24
252,alcantara,6,PH,1574293996,77,9.97,123.41,80.96,2.89
253,cockburn town,18,TC,1574293996,81,21.46,-71.14,79.2,25.52
254,saint george,75,GR,1574293741,100,39.45,22.34,59.0,1.3
255,huron,90,US,1574293996,75,44.36,-98.21,46.4,11.41
256,tonantins,42,BR,1574293996,97,-2.86,-67.77,74.75,3.58
257,san cristobal,90,HN,1574293996,83,14.68,-86.92,68.32,2.04
258,kintinku,62,TZ,1574293996,72,-5.89,35.22,73.62,0.27
259,tiarei,40,PF,1574293997,74,-17.53,-149.33,84.2,11.41
260,atherton,40,AU,1574293884,54,-17.27,145.48,90.0,10.29
261,winder,1,US,1574293997,61,33.99,-83.72,54.0,3.78
262,westport,75,US,1574293997,60,41.14,-73.36,45.0,11.41
263,evensk,28,RU,1574293997,67,61.92,159.24,6.76,11.18
264,provideniya,75,RU,1574293997,68,64.42,-173.23,26.6,22.37
265,lom sak,20,TH,1574293997,78,16.78,101.24,71.6,3.36
266,margate,91,AU,1574293997,14,-43.03,147.26,95.0,6.93
267,mandiana,81,GN,1574293997,38,10.62,-8.7,74.53,1.39
268,inuvik,75,CA,1574293997,84,68.36,-133.71,-0.4,1.92
269,ola,95,RU,1574293998,73,59.58,151.3,17.85,9.62
270,castanos,49,MX,1574293998,61,26.78,-101.42,76.35,6.46
271,khatanga,100,RU,1574293998,96,71.98,102.47,2.05,7.85
272,chokurdakh,100,RU,1574293998,98,70.62,147.9,-13.79,8.34
273,lasa,20,CY,1574293998,71,34.92,32.53,57.2,8.05
274,jaguarari,10,BR,1574293998,65,-10.26,-40.2,75.36,11.14
275,hofn,83,IS,1574293998,89,64.25,-15.21,45.09,18.61
276,tura,100,RU,1574293998,94,64.27,100.22,-15.38,2.98
277,acapulco,75,MX,1574293998,74,16.86,-99.88,84.2,2.24
278,byron bay,22,AU,1574293998,57,-28.65,153.62,82.4,14.99
279,weinan,0,CN,1574293998,100,34.5,109.46,41.0,2.24
280,cidreira,8,BR,1574293998,90,-30.17,-50.22,71.49,24.85
281,ponta grossa,7,BR,1574293999,92,-25.09,-50.16,64.44,9.06
282,muravlenko,100,RU,1574293999,93,63.79,74.5,7.11,18.66
283,harper,1,US,1574293999,56,30.3,-99.24,75.2,11.41
284,mwene-ditu,98,CD,1574293999,94,-7.01,23.45,67.57,2.04
285,haripur,40,PK,1574293999,87,33.99,72.93,57.2,6.93
286,abu samrah,0,SY,1574293999,32,35.3,37.18,54.9,7.05
287,deputatskiy,92,RU,1574293999,94,69.3,139.9,-15.5,3.98
288,camopi,97,GF,1574293999,96,3.17,-52.33,72.97,3.2
289,kaseda,40,JP,1574293999,75,31.42,130.32,46.4,9.17
290,kimbe,100,PG,1574293999,69,-5.56,150.15,84.74,4.47
291,kannangad,75,IN,1574293999,100,12.31,75.11,75.2,1.12
292,camacha,40,PT,1574293999,68,33.08,-16.33,66.2,8.05
293,lazaro cardenas,20,MX,1574294000,26,28.39,-105.62,71.6,24.16
294,nanortalik,4,GL,1574294000,75,60.14,-45.24,30.4,6.31
295,pimentel,22,BR,1574294000,74,-3.7,-45.5,80.74,7.36
296,hay river,75,CA,1574294000,85,60.82,-115.79,17.6,17.22
297,laguna,54,BZ,1574294000,74,16.17,-88.94,78.8,6.93
298,nome,1,US,1574294000,73,30.04,-94.42,73.4,10.29
299,ca mau,100,VN,1574294000,90,9.18,105.15,75.4,4.76
300,akureyri,58,IS,1574294000,92,65.68,-18.09,19.4,9.17
301,havelock,1,US,1574294000,80,34.88,-76.9,51.8,3.36
302,mount isa,0,AU,1574294001,30,-20.73,139.49,95.0,16.11
303,mocuba,100,MZ,1574294001,85,-16.84,36.99,77.86,3.91
304,pastavy,100,BY,1574294001,78,55.11,26.84,35.83,14.9
305,mount gambier,90,AU,1574294001,87,-37.83,140.78,57.2,20.8
306,hithadhoo,56,MV,1574294001,78,-0.6,73.08,82.09,14.2
307,fort morgan,90,US,1574293739,56,40.25,-103.8,41.0,14.99
308,qaqortoq,22,GL,1574294001,62,60.72,-46.03,24.8,3.36
309,santa fe,96,AR,1574293809,58,-31.62,-60.7,82.99,1.99
310,prince rupert,40,CA,1574293820,75,54.32,-130.32,46.4,4.7
311,williams lake,75,CA,1574294002,74,52.13,-122.14,33.8,4.7
312,kaspiyskiy,100,RU,1574294002,88,45.39,47.37,30.99,24.99
313,gamba,0,CN,1574294002,42,28.28,88.52,21.18,1.21
314,ati,6,TD,1574294002,15,13.21,18.34,82.4,10.25
315,takoradi,99,GH,1574294002,86,4.89,-1.75,80.44,9.86
316,kuching,75,MY,1574294002,94,1.56,110.34,77.0,2.24
317,kisangani,99,CD,1574294002,98,0.52,25.21,70.83,1.41
318,kiunga,24,PG,1574294002,61,-6.12,141.3,88.03,0.6
319,kibre mengist,87,ET,1574294002,97,5.87,38.99,57.96,1.9
320,chapel hill,1,US,1574294002,75,35.91,-79.06,51.01,8.16
321,mogadishu,49,SO,1574294002,78,2.04,45.34,81.61,9.42
322,kunashak,5,RU,1574294002,84,55.7,61.55,-0.4,6.71
323,arlit,13,NE,1574294002,14,18.74,7.39,80.08,9.86
324,shimodate,20,JP,1574294002,53,36.3,139.98,55.0,6.93
325,tecoanapa,75,MX,1574294003,74,16.99,-99.26,84.2,2.24
326,mahebourg,20,MU,1574294003,88,-20.41,57.7,75.2,3.36
327,north bend,1,US,1574294003,76,43.41,-124.22,55.99,13.87
328,souillac,87,FR,1574294003,87,45.6,-0.6,46.0,9.17
329,bahar,18,IR,1574294003,80,34.91,48.44,27.68,3.85
330,serchhip,0,IN,1574294003,88,23.31,92.85,51.8,2.42
331,meulaboh,100,ID,1574294003,82,4.14,96.13,80.28,12.35
332,palia kalan,0,IN,1574294003,78,28.45,80.58,59.65,1.32
333,nanning,76,CN,1574294003,93,22.83,108.3,55.4,4.47
334,vallenar,0,CL,1574294003,80,-28.58,-70.76,58.37,2.66
335,mhango,96,TZ,1574294003,89,-2.75,33.92,66.63,10.16
336,lakatoro,58,VU,1574294004,62,-16.11,167.42,84.2,6.93
337,dunedin,100,NZ,1574294004,61,-45.87,170.5,56.07,7.0
338,rocha,0,UY,1574294004,89,-34.48,-54.34,68.34,4.7
339,namatanai,71,PG,1574294004,72,-3.66,152.44,84.85,15.93
340,mariental,75,BR,1574294004,93,-25.72,-49.65,66.99,6.93
341,alofi,75,NU,1574294004,70,-19.06,-169.92,84.2,11.41
342,turbana,40,CO,1574294004,88,10.27,-75.44,82.4,11.41
343,hualmay,68,PE,1574294004,87,-11.1,-77.61,61.93,3.2
344,bilma,0,NE,1574294004,17,18.69,12.92,71.6,2.89
345,saint leonard,1,US,1574294004,68,38.47,-76.51,50.0,4.7
346,kloulklubed,75,PW,1574294004,83,7.04,134.26,82.4,6.93
347,pisco,90,PE,1574294004,30,-13.71,-76.2,71.6,11.41
348,fosforitnyy,0,RU,1574294004,78,55.33,38.9,17.6,6.71
349,derzhavinsk,1,KZ,1574294005,93,51.1,66.31,-9.09,7.56
350,seydi,5,NE,1574294005,19,13.34,7.75,81.84,7.0
351,tual,18,ID,1574294005,73,-5.67,132.75,82.26,7.02
352,thompson,90,CA,1574294005,85,55.74,-97.86,10.4,6.93
353,hamilton,75,CA,1574293999,75,43.26,-79.87,41.0,3.36
354,luganville,75,VU,1574294005,65,-15.51,167.18,80.6,8.05
355,pauini,92,BR,1574294005,87,-7.71,-67.0,76.35,2.01
356,faya,0,SA,1574294005,71,18.39,42.45,59.0,5.93
357,hecun,0,CN,1574294005,85,29.94,119.31,47.7,0.92
358,madimba,40,CM,1574294005,94,4.42,9.93,77.0,0.78
359,mareeba,40,AU,1574294005,54,-16.99,145.42,90.0,10.29
360,umm kaddadah,5,SD,1574294005,22,13.6,26.69,73.53,12.66
361,hasaki,20,JP,1574294005,52,35.73,140.83,48.99,6.93
362,puerto palomas,40,US,1574294006,55,31.78,-107.63,60.8,10.29
363,padang,100,ID,1574294006,95,-0.92,100.36,67.33,4.81
364,halifax,90,CA,1574293863,86,44.65,-63.58,39.2,13.87
365,esperance,90,AU,1574294006,67,-33.86,121.89,57.2,8.05
366,saiha,0,IN,1574293897,74,22.49,92.98,54.68,3.85
367,akdepe,0,TM,1574294006,52,42.05,59.39,23.0,13.87
368,yar-sale,94,RU,1574294006,88,66.83,70.83,23.76,22.5
369,krasnaya gora,90,RU,1574294006,86,53.01,31.6,37.4,13.42
370,pacific grove,1,US,1574294006,59,36.62,-121.92,68.0,6.93
371,ayutla,97,MX,1574294006,97,20.13,-104.35,63.1,2.71
372,marsh harbour,0,BS,1574294006,56,26.54,-77.06,73.2,14.23
373,tucurui,6,BR,1574293816,68,-3.77,-49.67,81.73,1.23
374,lanja,46,IN,1574294007,84,16.84,73.55,73.36,3.47
375,pringsewu,94,ID,1574294007,89,-5.36,104.98,75.22,1.05
376,impfondo,52,CD,1574294007,95,1.62,18.06,71.89,2.24
377,poronaysk,0,RU,1574294007,72,49.22,143.1,20.66,5.06
378,vaitape,10,PF,1574294007,74,-16.52,-151.75,81.18,5.08
379,yasinya,100,UA,1574294007,97,48.28,24.36,43.14,2.19
380,asyut,26,EG,1574294007,58,27.18,31.19,59.0,4.59
381,nishihara,20,JP,1574294007,46,35.74,139.53,55.0,8.05
382,mbala,93,ZM,1574294007,68,-8.85,31.37,66.27,1.3
383,sorong,0,ID,1574294007,63,-0.86,131.25,85.15,2.17
384,mago,2,RU,1574294007,91,53.27,140.15,-0.51,6.31
385,sao joao da barra,100,BR,1574294007,87,-21.64,-41.05,74.23,14.65
386,rovaniemi,90,FI,1574294008,100,66.5,25.72,33.8,11.41
387,hanna,12,CA,1574294008,86,51.64,-111.93,28.0,5.99
388,changping,100,CN,1574294008,55,40.22,116.23,37.99,4.47
389,altay,100,CN,1574294008,92,47.83,88.13,11.68,2.3
390,bathsheba,20,BB,1574293938,78,13.22,-59.52,80.6,10.29
391,matara,5,BI,1574294008,78,-3.48,29.48,57.29,3.49
392,bambous virieux,20,MU,1574294008,88,-20.34,57.76,75.2,3.36
393,iqaluit,20,CA,1574293989,85,63.75,-68.52,12.2,4.7
394,aripuana,100,BR,1574294008,99,-9.17,-60.63,70.77,1.32
395,schleiden,20,DE,1574294008,95,50.53,6.48,35.01,3.36
396,zhigansk,100,RU,1574294008,95,66.77,123.37,-12.66,12.15
397,hun,0,BE,1574294008,92,50.34,4.87,30.99,5.82
398,whitehorse,75,CA,1574294008,52,60.72,-135.06,46.4,13.87
399,saint anthony,90,US,1574294008,41,43.97,-111.68,41.0,17.22
400,taybad,100,IR,1574294008,88,34.74,60.78,37.54,17.83
401,ulkan,100,RU,1574294009,94,57.24,107.32,5.05,5.14
402,nyuksenitsa,0,RU,1574294009,70,60.41,44.24,17.58,8.1
403,maniitsoq,2,GL,1574294009,60,65.42,-52.9,20.08,7.27
404,the pas,75,CA,1574294009,71,53.82,-101.24,8.6,10.29
405,vardo,90,US,1574294009,52,39.62,-77.74,48.0,16.11
406,panaba,79,MX,1574294009,75,21.28,-88.27,74.16,10.22
407,talara,90,PE,1574294009,100,-4.58,-81.27,62.6,9.17
408,hudiksvall,34,SE,1574294009,89,61.73,17.1,34.45,2.46
409,yabelo,33,ET,1574294009,90,4.89,38.09,63.18,4.54
410,praia da vitoria,40,PT,1574293814,93,38.73,-27.07,63.0,17.22
411,syracuse,90,US,1574294010,100,43.05,-76.15,41.0,4.7
412,fairbanks,75,US,1574293973,92,64.84,-147.72,8.6,3.51
413,astaneh-ye ashrafiyeh,100,IR,1574294010,74,37.26,49.94,54.7,12.77
414,chambersburg,90,US,1574293804,52,39.94,-77.66,46.99,16.11
415,portsmouth,92,GB,1574294001,86,50.8,-1.08,48.0,6.93
416,kutum,65,SD,1574294010,25,14.2,24.66,66.13,5.75
417,srednekolymsk,100,RU,1574294010,98,67.46,153.71,-15.61,3.27
418,opoczno,100,PL,1574294010,91,51.38,20.29,53.01,18.16
419,diego de almagro,0,CL,1574294010,49,-26.39,-70.05,62.46,1.61
420,ucluelet,40,CA,1574293814,61,48.94,-125.55,50.0,5.82
421,husavik,99,CA,1574294010,96,50.56,-96.99,23.0,5.01
422,bubaque,13,GW,1574294010,68,11.28,-15.83,83.12,9.66
423,gigmoto,85,PH,1574294011,75,13.78,124.39,82.15,2.75
424,tateyama,20,JP,1574294011,80,36.66,137.31,52.0,6.93
425,ripky,53,UA,1574294011,85,51.8,31.09,35.04,10.2
426,eyl,48,SO,1574294011,84,7.98,49.82,80.42,9.17
427,tuatapere,100,NZ,1574294011,72,-46.13,167.69,57.0,17.0
428,ariquemes,98,BR,1574294011,97,-9.91,-63.03,73.8,6.49
429,hoyerswerda,90,DE,1574294011,100,51.43,14.25,43.0,3.36
430,portland,40,US,1574293984,100,43.66,-70.25,37.99,4.7
431,dingle,42,PH,1574294011,78,11.0,122.67,79.29,3.36
432,balabac,99,PH,1574294011,77,7.99,117.06,82.54,7.9
433,caldwell,1,US,1574294011,32,43.67,-116.69,57.2,14.99
434,san quintin,100,PH,1574294012,86,17.54,120.52,76.57,3.89
435,san antonio,20,CL,1574294012,67,-33.58,-71.61,62.6,5.82
436,tibacuy,40,CO,1574294012,87,4.35,-74.45,57.2,6.93
437,taltal,4,CL,1574294012,90,-25.41,-70.49,59.49,3.2
438,cuamba,93,MZ,1574294012,66,-14.8,36.54,77.45,2.75
439,waingapu,67,ID,1574294012,72,-9.65,120.26,82.85,8.25
440,ust-nera,100,RU,1574294012,99,64.57,143.24,-25.58,2.68
441,skibbereen,75,IE,1574293774,93,51.55,-9.27,46.4,16.11
442,ipanguacu,20,BR,1574293985,70,-5.5,-36.85,84.2,10.29
443,tereze,90,RU,1574294013,100,43.94,42.44,30.2,17.9
444,champerico,40,MX,1574294013,48,16.38,-93.6,84.2,2.91
445,te anau,99,NZ,1574294013,72,-45.41,167.72,48.11,10.09
446,thunder bay,90,CA,1574293740,94,48.41,-89.26,37.0,1.05
447,taixing,57,CN,1574294014,75,32.17,120.02,55.99,11.59
448,kahului,90,US,1574294014,88,20.89,-156.47,78.8,14.99
449,visby,100,SE,1574294014,93,57.64,18.3,46.99,10.29
450,lingao,67,CN,1574294014,75,19.91,109.69,73.35,15.61
451,tiksi,25,RU,1574294014,89,71.64,128.87,-18.08,6.69
452,lithakia,40,GR,1574294014,100,37.72,20.83,63.0,8.93
453,culaman,86,PH,1574294014,77,5.96,125.66,75.81,0.54
454,mazatlan,90,MX,1574293787,100,23.22,-106.42,77.0,3.36
455,biscarrosse,100,FR,1574294014,87,44.41,-1.18,46.4,2.24
456,kautokeino,33,NO,1574294014,88,69.01,23.04,22.1,5.06
457,gillette,90,US,1574294014,92,44.29,-105.5,27.0,19.46
458,noumea,14,NC,1574293806,54,-22.28,166.46,80.6,26.4
459,tyup,73,KG,1574294014,59,42.73,78.36,23.41,2.21
460,chifeng,17,CN,1574294015,37,42.27,118.96,25.52,6.33
461,pundaguitan,95,PH,1574294015,75,6.37,126.17,82.62,4.65
462,dom pedrito,0,BR,1574294015,75,-30.98,-54.67,73.78,8.57
463,bristol,83,GB,1574294015,86,51.45,-2.6,44.6,12.75
464,isangel,75,VU,1574294015,54,-19.55,169.27,84.2,11.41
465,magburaka,93,SL,1574294015,94,8.72,-11.95,73.83,2.51
466,iisalmi,90,FI,1574294015,100,63.56,27.19,37.4,6.93
467,cesme,20,TR,1574294015,93,38.32,26.31,62.6,4.61
468,wanning,75,AT,1574294015,100,48.64,13.53,39.0,2.24
469,guozhen,83,CN,1574294015,39,29.3,113.14,55.0,3.11
470,inverell,0,AU,1574294016,43,-29.78,151.11,84.99,5.01
471,mukhen,100,RU,1574294016,78,48.19,136.14,8.13,10.2
472,tortoli,75,IT,1574294016,66,39.93,9.66,55.4,10.29
473,siaya,87,KE,1574294016,93,0.06,34.29,63.72,3.31
474,marrakesh,75,MA,1574294016,72,31.63,-7.99,59.0,3.36
475,yeppoon,20,AU,1574294016,45,-23.13,150.74,84.2,10.29
476,methoni,6,GR,1574294016,77,36.82,21.7,69.01,13.87
477,beloslav,75,BG,1574294016,82,43.19,27.7,57.2,16.11
478,jambi,46,ID,1574294016,94,-1.6,103.62,75.04,2.89
479,taseyevo,95,RU,1574294016,94,57.22,94.9,-2.06,10.25
480,lovington,5,US,1574294016,68,32.94,-103.35,66.99,13.87
481,hargeysa,9,SO,1574294016,78,9.56,44.06,68.29,4.21
482,jalu,85,LY,1574294017,29,29.03,21.55,65.44,9.73
483,povenets,100,RU,1574294017,93,62.85,34.83,35.89,7.25
484,kununurra,42,AU,1574294017,38,-15.77,128.74,91.4,8.05
485,nyurba,98,RU,1574294017,97,63.29,118.35,-14.06,4.74
486,pontianak,95,ID,1574294017,88,-0.02,109.34,77.74,1.19
487,abu zabad,25,SD,1574294017,22,12.35,29.25,71.06,12.15
488,nola,100,CF,1574294017,72,3.52,16.05,73.18,1.03
489,puerto narino,75,CO,1574294017,100,-3.77,-70.38,77.0,0.98
490,plettenberg bay,0,ZA,1574294017,79,-34.05,23.37,56.53,4.7
491,san jose de guanipa,100,VE,1574294017,83,8.89,-64.17,76.96,7.18
492,marsa matruh,100,EG,1574294017,72,31.35,27.25,59.0,9.13
493,gostyn,90,PL,1574294017,93,51.88,17.01,48.99,8.05
494,sayan,20,ID,1574294018,83,-8.51,115.24,80.6,6.93
495,goksun,0,TR,1574294018,56,38.02,36.5,42.8,5.82
496,aloleng,100,PH,1574294018,94,16.13,119.78,72.95,5.12
497,grand-santi,59,GF,1574294018,96,4.27,-54.38,73.38,2.89
498,band,0,IR,1574294018,49,37.5,45.0,26.6,6.93
499,nagato,20,JP,1574294018,70,34.35,131.14,53.6,4.7
500,luderitz,0,NA,1574294018,89,-26.65,15.16,58.12,17.69
501,sabzevar,98,IR,1574294018,78,36.21,57.68,43.48,8.72
502,manavgat,0,TR,1574294018,71,36.79,31.44,50.0,6.93
503,lufilufi,40,WS,1574294018,74,-13.87,-171.6,86.0,12.75
504,mumford,100,GH,1574294019,95,5.26,-0.76,76.1,4.07
505,bato,100,PH,1574294019,76,13.36,123.37,80.33,0.83
506,chernitsyno,46,RU,1574294019,68,51.51,36.05,26.38,14.34
507,kenai,90,US,1574294019,70,60.55,-151.26,44.6,5.82
508,yining,57,CN,1574294019,57,29.04,114.56,48.94,0.6
509,pangkalanbuun,100,ID,1574293930,91,-2.68,111.62,77.92,2.13
510,christchurch,99,NZ,1574293795,55,-43.53,172.64,64.99,9.17
511,mahina,0,ML,1574294019,29,13.76,-10.85,78.19,3.47
512,dzilam gonzalez,37,MX,1574294019,73,21.28,-88.93,78.01,11.01
513,baherden,97,TM,1574294019,29,38.44,57.43,43.43,2.89
514,santa engracia,90,ES,1574294019,87,41.94,-1.32,46.99,13.87
515,moose factory,90,CA,1574294019,100,51.26,-80.61,33.8,4.7
516,russell,90,US,1574293923,87,38.9,-98.86,62.6,19.46
517,port hawkesbury,90,CA,1574294020,93,45.62,-61.36,41.0,6.93
518,iskateley,100,RU,1574294020,95,67.68,53.15,20.26,13.49
519,ginda,67,IN,1574294020,46,30.69,78.49,47.01,3.33
520,beyneu,0,KZ,1574294020,47,45.32,55.19,16.52,16.53
521,severo-yeniseyskiy,90,RU,1574294020,88,60.37,93.04,-15.56,4.29
522,salamiyah,0,SY,1574294020,51,35.01,37.05,53.2,6.93
523,bergen,20,NO,1574294020,69,60.39,5.33,39.99,9.17
524,ponta delgada,40,PT,1574294021,88,37.73,-25.67,62.6,5.82
525,loukhi,99,RU,1574294021,96,66.08,33.04,35.55,7.81
526,oga,96,IT,1574294021,100,46.46,10.35,33.8,3.36
527,mana,28,NG,1574294021,20,13.03,5.27,81.55,4.54
528,nantucket,90,US,1574294021,86,41.28,-70.1,42.01,13.87
529,nauta,97,PE,1574294021,93,-4.51,-73.58,74.14,1.97
530,itarema,27,BR,1574294021,79,-2.92,-39.92,77.85,11.34
531,virginia beach,1,US,1574294005,75,36.85,-75.98,52.0,24.25
532,lira,42,UG,1574294021,95,2.25,32.9,66.06,1.36
533,pamplona,90,ES,1574294021,81,42.82,-1.64,53.01,8.05
534,kamenka,100,MD,1574294021,90,48.03,28.7,39.0,1.99
535,zdvinsk,99,RU,1574294021,98,54.7,78.67,-14.93,7.4
536,barentu,0,ER,1574294022,65,15.11,37.59,71.29,2.15
537,cabra,90,ES,1574294022,100,37.47,-4.43,48.99,1.12
538,pemberton,94,AU,1574294022,59,-34.44,116.03,57.27,5.57
539,ust-kuyga,82,RU,1574294022,100,70.0,135.55,-22.67,3.62
540,veinticinco de mayo,0,AR,1574294022,67,-27.38,-54.75,79.0,1.92
541,quatre cocos,20,MU,1574294022,88,-20.21,57.76,75.2,3.36
542,luwuk,44,ID,1574294022,77,-0.95,122.79,81.45,2.39
543,roros,95,NO,1574294022,92,62.57,11.38,8.6,2.24
544,necochea,0,AR,1574294022,77,-38.55,-58.74,55.99,5.99
545,izhma,100,RU,1574294023,96,65.01,53.91,14.9,5.28
546,chaman,100,AF,1574294023,53,30.92,66.46,54.77,7.14
547,new glasgow,100,CA,1574294023,93,45.59,-62.65,41.0,11.01
548,olinda,3,AU,1574294023,13,-37.84,145.39,96.01,33.33
